brd-customer-hl_b4776d43-zone-b99,sgyem2ztpbsp,Daniel92237363,VYiQCEE9AQrLC0j,79185539302,margieqh9burks@hotmail.com,hoQb9gisbtq,26QK31VwmFXVabv5hLZzTGOtE,mDZpmR23SpnGvempUXc5VlZCHDby15fc13GFStVz4mJlPDHRcn,AAAAAAAAAAAAAAAAAAAAAF0zkAEAAAAAWufcj%2BG49MzibOaKv7tqToTZyD4%3DIffrxj64AqCmLHSBhXCChJI3vGlFsQTXhKjU70vVQytV67J7jx,1596864552792215553-qSkL2WwXVDO55OcHO2PhvntaJFZ9Or,s3nZQTVaMtPrcFBE6HmjOWbYvIQzxEOz5Ccfdu1RSb6Go,alhRUmJMQjlPdVlhZG1rdHktWmY6MTpjaQ,wZ1wyKdZF9ZMgyVUkm8kGnmsIl5wdIYrHz2Jm7ydbXAVJxQTXA
,,Nichola65026421,RWwrTZ7prJ28DAf,79895225590,tannavdqnga@hotmail.com,o79mtA4h913,,,,,,,
,,Peter74962393,2imRlKlcCpds2yo,79866689114,bonniex8wbw@hotmail.com,bs94B5fn06d,iyNiuvXI6rqQoRbQKuyXpw4ht,IPHSzAw3UiHOnlYPSi3ltyNOvCbvqg9fstyG9a9Bwemo7oYF2P,AAAAAAAAAAAAAAAAAAAAAN03kAEAAAAA2l92LiqIfivimw18cPb90t%2BoUW8%3DhYVOh98sTPtfZbQxSbcpiBcMT4bcvMGlGfU1eDHnv3YjVOwrJ9,1596865481855668227-frCO9WMXV99vSfGQQVb8jUZKDqGBjI,PbnRMECHzgRnlngoe56hB7mAhRKaoeplZsArzTwUrBn92,OHhwdVZvOWtXVmZQTUNQbzJyTlk6MTpjaQ,v4fqjdZFPXGQtnoUTab2uIEdauFBsF33zlLXCgG_yYEf-CzX3F
,,Blaze58751375,IHnHWGurcTg0xI3,79885442805,emmetereaux43jj@hotmail.com,hU8pjyupccaj,,,,,,,
,,Michael79161350,oimaj4Bxg0Cx9DA,79910418193,kellytosado8npv@hotmail.com,Zn1y206qpo,,,,,,,
,,Simon87541797,McwBI23JQiYydiN,79919444691,myronswe5k@hotmail.com,z040am3Ho,,,,,,,
,,Jeffery07492097,BFjaErIas61AMke,79897214030,fpjhuron@hotmail.com,qt7729wtKx,,,,,,,
,,Peter27056624,uKe6JLVCsGD3jnD,79885442335,leosidhomtiay@hotmail.com,vo3iFwo1xg1,,,,,,,
,,Paul43507512,Mt1CT5XaIcd0iY5,79030706627,patriardy2alrich@hotmail.com,hDw3g3l199,,,,,,,
,,Edgar39898885,LJc8YGuyOsjvhjB,79774220952,lavonianx8y@hotmail.com,zy0j1lZprv,,,,,,,
,,Gary62051831,BKCGRtS7GWui1Nt,79680248458,julianapaqrc@hotmail.com,wnE2e9czk8p,,,,,,,
,,Chester92833520,1gzVGeZVIhHVXeo,79885333958,carlief1ckoskie@hotmail.com,g3qlLqhft,,,,,,,
,,Daniel62912100,Nf9OZyNGiQcu2pi,79966541582,neidavcpmoylan@hotmail.com,n7pyhmlE3p0,,,,,,,
,,Gerald47442291,bPyo8qtnI6rFhHn,79185011808,hendersonpetro@hotmail.com,Hhz9wdvdlxg,,,,,,,
,,Mark29848683,FLwnhAhUPzFc5rw,79033917698,carroltaj3dc@hotmail.com,vlhP594ncg,,,,,,,
,,Alfred20478557,WEKCNefAC30iF0g,79918463253,deandreaf5n5alt@hotmail.com,i85scPwr1k,,,,,,,
,,John19932661,Dd5pf6c3qHnMkCw,79637400579,ramseyv08y@hotmail.com,ao38yha4Kc,,,,,,,
,,Jacob43918163,mJVoHZU9Khlhi58,79185906358,kgambelbk16@hotmail.com,hLzt5q3qsik,,,,,,,
,,Kenneth68616468,yddvKb5NwLCbNmK,79185219675,lylami4bkz@hotmail.com,xo1wbYi3o,,,,,,,
,,Lawrenc65182452,8vi5Ef1hW67SqLP,79030706817,sunnyj49hsouth@hotmail.com,x6oNg8jqzf,,,,,,,
,,George06796068,anRVlmNdo59orr2,79673717529,nigaquademuro@hotmail.com,r1nQyto3d7v,,,,,,,
,,Ethelbe21015309,Wu21cWqlq1d6jNP,79885442697,jep2lbwever@hotmail.com,Bukbj7pjrc,,,,,,,
,,Robert20275587,2nfldlXinohlIGb,79895229904,inocenciacyakz@hotmail.com,jjkKsqf152o,,,,,,,
,,Joseph01361983,CO8BxJQLLaj4n0M,79683679805,lew3u7mdaves@hotmail.com,Jpejhj7q72a,,,,,,,
,,Kenneth73068868,IAMhmyv4LqmUERI,79991353039,kryzin1f4@hotmail.com,hxn9rQzac,,,,,,,
,,Thomas48970842,2Vm1792ytwN19fO,79779091354,l1btsimcic@hotmail.com,pus5mEg3w,,,,,,,
,,Henry88455815,df9kroCsBuWj9lx,79185732327,samarazahtr@hotmail.com,o4klni08vWp,,,,,,,
,,Michael28787785,HZkwMgpEyCRlz8g,79892020664,colenesd97b@hotmail.com,n68od1gUr,,,,,,,
,,Christo78765293,IhMzIMtUlZrYq2o,79292802194,lmncstaab@hotmail.com,l54r4bbUd,,,,,,,
,,Lee85750813,nW4sCTLuxNXpl8u,79259434027,cfabio1lf@hotmail.com,okqZwav55f1,,,,,,,
,,Shanon91024511,2XptxX7LqfanzXF,79384729772,olaj08dsandra@hotmail.com,gcsvDzz60,,,,,,,
,,Peter55916669,90kakf7Q7ucUbtO,79029989080,johnmchonejp@hotmail.com,jck4v3Ctz,,,,,,,
,,Paul03618621,TcTT4LNbKHMrFfv,79191418552,jesusabrfmix@hotmail.com,ynsSxr2t35,,,,,,,
,,Christo43407978,S1JUnia2Id1vZ77,79634698572,flanaganm5p@hotmail.com,kbyzds6J5m,,,,,,,
,,Christo45318213,CK9QhlY1hptXdJ0,79292019960,felgaddq2@hotmail.com,ztyvCbcs8w3,,,,,,,
,,Joseph35321189,HReVM6AbcJXqEK1,79398136950,dacrepavlcy@hotmail.com,g9qgj5uo4Ih,,,,,,,
,,Marshal09882188,ipc1EPVxryLoC19,79257783267,pia6tt0ban@hotmail.com,f7c3Czavj,,,,,,,
,,Richard91999593,Y4J8bRHbDBCSWL1,79912866941,ileanmapuaz6@hotmail.com,cwfkcrR03lp,,,,,,,
,,Osborn87293208,pN2GQIhi9twGnqZ,79012071524,indyz7bj@hotmail.com,vcfhgi0F7,,,,,,,
,,Bryce52356372,LBpPUbd7xQMGkUP,79912422136,chalisbey1a5@hotmail.com,Vjszqha1c,,,,,,,
,,Adrian87183973,QQmE0IIvqEse8K5,79617866469,glyndaromash9c5@hotmail.com,xjiP4c6ie,,,,,,,
,,Abner29170162,bqDiSUZavzy3lt2,79286740230,elianafmdmcfaul@hotmail.com,ksAvohb7puy,,,,,,,
,a,Frankli19368425,2Qq8knBu2zfmupc,79912884922,devingilday6y@hotmail.com,xiqwQpqez4p,,,,,,,
,,Ezra93487183,YBm7yLyyKREc8Mg,79966442884,aguedaivsipla@hotmail.com,cwN43ut28,,,,,,,
,,Elijah91197055,I35XogMjY2MktwO,79912852542,enedinac2u8van@hotmail.com,xlcV75un39,,,,,,,
,,Steven99423738,7NqATP6pX2EvyBq,79030695764,jesurend2@hotmail.com,gsIpgrww3p,,,,,,,
,,David88496017,ze2Lp47op1nOFmc,79033905463,rig7pabst@hotmail.com,pw7iw8K30,,,,,,,
,,Peter48577519,bDrJQvAkE5n4waH,79966442923,guxmxmmaten@hotmail.com,t3xsyRk4530,,,,,,,
,,Horatio50490877,OJ9mvz7bzkQOLHy,79827061338,callahans04br@hotmail.com,yxt1yJlrhu,,,,,,,
,,Michael66952635,EI8fKo1LMDkft47,79006573822,glyndadonadoo776@hotmail.com,awm8Rhh55d1,,,,,,,
,,Christo04108856,G3lrjIHNcx0T8vK,79081294804,elidiahikely5r@hotmail.com,skl374I9u9,,,,,,,
,,Brian59262374,bKxsLkYIQZKUGd8,79289782469,gabriele5c02hil@hotmail.com,m2Bzdtgg3ch,,,,,,,
,,Peter46722947,sOXbEwf9l2t5qFO,79911962873,lakeesharozw1@hotmail.com,jjddurOa82o,,,,,,,
,,Leslie37255679,fFnLd4ThRNQyr2R,79398126058,tandyl4spiess@hotmail.com,u45r9pHcit,,,,,,,
,,George85152688,klsybyWx0q0qSSx,79030698359,loldowy09x@hotmail.com,Hdlv35nxm,,,,,,,
,,David28400313,F3YGx0zUv96jlpk,79814236558,ociedurigap7@hotmail.com,kqYkmy73jwy,,,,,,,
,,Joseph67416057,4kN0fd12iWQJwPL,79166871012,karylfalcifb@hotmail.com,ybcsOgq78a,,,,,,,
,,John14941034,y0lcw5TWGUKOA01,79684068498,madelenebl493e@hotmail.com,v3sIld8ad,,,,,,,
,,Harvey67882052,90Lwu6wisFCUi34,79912872924,tiaji3vito@hotmail.com,iz9H2g3j35,,,,,,,
,,Perciva48847764,yzSvcmr5Si2PeYl,79671617797,camusrokosz@hotmail.com,q2xnBmc31,,,,,,,
,,Buck77979182,AGII73QdLyUPRao,79963696020,jultrimishvrv@hotmail.com,Ldd4f8u45,,,,,,,
,,Walter15471678,8m0A8b2lGMaVezu,79995830064,zulemaklgcar@hotmail.com,m4idW4113gm,,,,,,,
,,Mark23970129,0cuJPziARKurQRf,79774582071,stumarasipz8@hotmail.com,Uf35710h9t,,,,,,,
,,William93528098,gPeS85fpABzD5NQ,79944271469,katywoytek9f@hotmail.com,tlh9e8Ye1,,,,,,,
,,Robert31514659,Z4XqTSYXAmLKLNj,79585727464,trinhv9sch@hotmail.com,wh2Znpcv27,,,,,,,
,,Thomas94755238,uGoXGhwNThRQR93,79104381693,colefaib7l@hotmail.com,k5aQmv934f,,,,,,,
,,Frank19627730,GGH84p7t058CKjD,79284593823,lz87bench@hotmail.com,Iljy19ex2,,,,,,,
,,William78627752,0mLXy9xpRFpIuye,79090885430,rvainiomuv4@hotmail.com,cO6zilfv62,,,,,,,
,,William94924133,7jP37hCyN8IXAcJ,79267351404,audra4byantis@hotmail.com,nh6f2B6uv,,,,,,,
,,Buddy50606045,fLrbEBbw4p3jGcw,79289785086,trangtienday2wt@hotmail.com,iqqgvl3mR3,,,,,,,
,,Robert64455303,CcViX1ha8LX9lat,79641951556,andreeogbas@hotmail.com,ri0x1fz1Z2,,,,,,,
,,Jonas35304611,ER5BSNwoElmWCXi,79090892008,pamelamrtla@hotmail.com,p0fk7Vrql,,,,,,,
,,Steven17781601,CUumwNXcK3aq16x,79032167977,eliotcamelxf@hotmail.com,e1x4i20V0,,,,,,,
,,Christo07879313,w6Da42jToB9WfVM,79058924832,leishaper9w@hotmail.com,vvefp7Zw5y7,,,,,,,
,,Joseph93960055,NGusa1HczZ5hxLr,79916437314,valda77uut@hotmail.com,misElbc0h,,,,,,,
,,Raymond19009365,IrmlHvbKWEMXR34,79309833771,mila5vh@hotmail.com,dnyax7Qsj,,,,,,,
,,Francis88094819,dcD3mQ7rXsyrr84,79674011561,shilohtpthoman@hotmail.com,ksrF2u6d240,,,,,,,
,,Jack65634087,BSG8MqUvmv99nHg,79259417712,marshallwzhel@hotmail.com,mnjt3Mtc5,,,,,,,
,,Michael03597392,2J8Oyasl83x1bZn,79879421991,silveruili@hotmail.com,x1wkyJvroy,,,,,,,
,,Egbert94561837,OtUkEEGfDXQej1x,79092980069,chmathisfh@hotmail.com,hm9cxznX3,,,,,,,
,,Steven26530043,Pbh4cB2Ybq2ZlHB,79912845329,reddamassn82u@hotmail.com,Ou9fmiaqtn,,,,,,,
,,Joseph23341384,BiEcc86GgrOw1W7,79912877267,headleybeami@hotmail.com,r769xofVq,,,,,,,
,,Ferdina90072522,NaYJdFXh8cOpmj3,79122346571,arlielfwskozan@hotmail.com,gmzduUr1o,,,,,,,
,,Peter11680905,g8GjBIUWs9QmVoC,79033907241,kyrafiwa@hotmail.com,w9Rokb00l,,,,,,,
,,John11747177,h5Ch8edzDqndJUa,79126284028,aleshafehgra@hotmail.com,xOj4g7789,,,,,,,
,,Daniel70782511,2TOPG1WIpOc02Vk,79633708078,hardybilz@hotmail.com,lO4q7o2mdx,,,,,,,
,,Tyler03654850,4m6VazVRBHxJ8QE,79126823708,mtallxwba@hotmail.com,fKezhad63,,,,,,,
,,Thomas69250135,SH0dm7j188D3sr9,79296752673,avrilma908@hotmail.com,aub9gw9G0nf,,,,,,,
,,Charles51807691,abwmYH4eB5yGbCq,79774580949,kasielingadzl@hotmail.com,donkccWj3ex,,,,,,,
,,Nichola27018405,hOSHcTbSKun9etR,79659278460,,,,,,,,,
,,Michael42008766,VkvQtbVGT1D3ZIK,79122968371,,,,,,,,,
,,Daniel38913573,TZgQ8YtQwMyeRIL,79050758292,,,,,,,,,
